initial_capital,final_value,total_return_pct,max_drawdown_pct,std_dev,total_trades,winning_trades,losing_trades,win_rate,avg_profit,avg_loss
20000.0,25352.413992404938,26.762069962024686,-11.53609458469679,0.9238354114075432,28,11,17,39.285714285714285,857.0227411010048,-239.69624468859504
