initial_capital,final_value,total_return_pct,max_drawdown_pct,std_dev,total_trades,winning_trades,losing_trades,win_rate,avg_profit,avg_loss
20000.0,21750.799293518066,8.753996467590332,-22.286707319104117,0.8038680106568913,5,2,3,40.0,1936.6995372772217,-707.533260345459
