initial_capital,final_value,total_return_pct,max_drawdown_pct,std_dev,total_trades,winning_trades,losing_trades,win_rate,avg_profit,avg_loss
20000.0,18387.543914794922,-8.06228042602539,-31.80505684558596,1.3403478259639914,27,5,22,18.51851851851852,1331.2295486450196,-375.845628565008
