Portfolio,Initial_Value,Final_Value,Total_Return_%,Annualized_Return_%,Max_Gain_%,Max_Loss_%,Max_Drawdown_%,Std_Dev_%,Volatility_%,Sharpe_Ratio,Trading_Days
Benchmark (2800.HK),100000.0,132762.9150174688,32.7629150174688,9.94272011851638,36.99439830567618,-3.8892346724891254,-19.742602199887287,0.9015269571147011,14.311296772477752,0.7527623114705083,734
Aggressive Portfolio,100000.0,101161.01048135757,1.1610104813575743,0.3864871958310312,12.330380598068237,-7.383499688148499,-14.62521554127307,0.5858833624049987,9.300610045283735,0.08936491381469201,735
Conservative Portfolio,100000.0,98124.32838821411,-1.8756716117858885,-0.6307521759588375,1.010449863433838,-6.197011399269104,-7.135362007047223,0.2489163645559515,3.9514247872160415,-0.14472422416607592,735
