initial_capital,final_value,total_return_pct,max_drawdown_pct,std_dev,total_trades,winning_trades,losing_trades,win_rate,avg_profit,avg_loss
20000.0,19835.928981781006,-0.8203550910949706,-10.432304122447968,0.5045458439596759,8,3,5,37.5,664.023246606191,-431.22815160751344
